"SortId";"Name";"Root";"Root_it";"Quality";"Inversion";"Rootless_V_Off_3rd";"Rootless_V_Off_7th";"Rootless_V_Off_3rd_RH";"Rootless_V_Off_3rd_LH";"Rootless_V_Off_3rd_RH";"Rootless_V_Off_3rd_LH";"Rootless_V_Off_3rd_lilypond";"Rootless_V_Off_3rd_lilypondimg";"Rootless_V_Off_7th_lilypond";"Rootless_V_Off_7th_lilypondimg";"Rootless_V_Off_3rd_ABC";"Rootless_V_Off_3rd_ABC_mp3";"Rootless_V_Off_7th_ABC";"Rootless_V_Off_7th_ABC_mp3";"GuideTones_V_Off_3rd";"GuideTones_V_Off_7th";"GuideTones_V_Off_3rd_RH";"GuideTones_V_Off_3rd_LH";"GuideTones_V_Off_3rd_RH";"GuideTones_V_Off_3rd_LH";"GuideTones_V_Off_3rd_lilypond";"GuideTones_V_Off_3rd_lilypondimg";"GuideTones_V_Off_7th_lilypond";"GuideTones_V_Off_7th_lilypondimg";"GuideTones_V_Off_3rd_ABC";"GuideTones_V_Off_3rd_ABC_mp3";"GuideTones_V_Off_7th_ABC";"GuideTones_V_Off_7th_ABC_mp3";"FourNotesSh_Ext_V_Off_3rd";"FourNotesSh_Ext_V_Off_7th";"FourNotesSh_Ext_V_Off_3rd_RH";"FourNotesSh_Ext_V_Off_3rd_LH";"FourNotesSh_Ext_V_Off_3rd_RH";"FourNotesSh_Ext_V_Off_3rd_LH";"FourNotesSh_Ext_V_Off_3rd_lilypond";"FourNotesSh_Ext_V_Off_3rd_lilypondimg";"FourNotesSh_Ext_V_Off_7th_lilypond";"FourNotesSh_Ext_V_Off_7th_lilypondimg";"FourNotesSh_Ext_V_Off_3rd_ABC";"FourNotesSh_Ext_V_Off_3rd_ABC_mp3";"FourNotesSh_Ext_V_Off_7th_ABC";"FourNotesSh_Ext_V_Off_7th_ABC_mp3"
10;"A 7  ";"A";"La";"7";" ";"Dod Sol";"Sol Dod";;;;;;;;;;;;;"La Dod Sol";"La Sol Dod";" ";" ";" ";" ";" ";" ";" ";" ";" ";" ";" ";" ";" ";" ";" ";" ";" ";" ";" ";" ";" ";" ";" ";" ";" ";" "
10;"Ab 7  ";"Ab";"Lab";"7";" ";"Do Solb";"Solb Do";;;;;;;;;;;;;"Lab Do Solb";"Lab Solb Do";" ";" ";" ";" ";" ";" ";" ";" ";" ";" ";" ";" ";" ";" ";" ";" ";" ";" ";" ";" ";" ";" ";" ";" ";" ";" "
10;"B 7  ";"B";"Si";"7";" ";"Red La";"La Red";;;;;;;;;;;;;"Si Red La";"Si La Red";" ";" ";" ";" ";" ";" ";" ";" ";" ";" ";" ";" ";" ";" ";" ";" ";" ";" ";" ";" ";" ";" ";" ";" ";" ";" "
10;"Bb 7  ";"Bb";"Sib";"7";" ";"Re Lab";"Lab Re";;;;;;;;;;;;;"Sib Re Lab";"Sib Lab Re";" ";" ";" ";" ";" ";" ";" ";" ";" ";" ";" ";" ";" ";" ";" ";" ";" ";" ";" ";" ";" ";" ";" ";" ";" ";" "
10;"C 7  ";"C";"Do";"7";" ";"Mi Sib";"Sib Mi";;;;;;;;;;;;;"Do Mi Sib";"Do Sib Mi";" ";" ";" ";" ";" ";" ";" ";" ";" ";" ";" ";" ";" ";" ";" ";" ";" ";" ";" ";" ";" ";" ";" ";" ";" ";" "
10;"D 7  ";"D";"Re";"7";" ";"Fad Do";"Do Fad";;;;;;;;;;;;;"Re Fad Do";"Re Do Fad";" ";" ";" ";" ";" ";" ";" ";" ";" ";" ";" ";" ";" ";" ";" ";" ";" ";" ";" ";" ";" ";" ";" ";" ";" ";" "
10;"Db 7  ";"Db";"Reb";"7";" ";"Fa Si";"Si Fa";;;;;;;;;;;;;"Reb Fa Si";"Reb Si Fa";" ";" ";" ";" ";" ";" ";" ";" ";" ";" ";" ";" ";" ";" ";" ";" ";" ";" ";" ";" ";" ";" ";" ";" ";" ";" "
10;"E 7  ";"E";"Mi";"7";" ";"Sold Re";"Re Sold";;;;;;;;;;;;;"Mi Sold Re";"Mi Re Sold";" ";" ";" ";" ";" ";" ";" ";" ";" ";" ";" ";" ";" ";" ";" ";" ";" ";" ";" ";" ";" ";" ";" ";" ";" ";" "
10;"Eb 7  ";"Eb";"Mib";"7";" ";"Sol Reb";"Reb Sol";;;;;;;;;;;;;"Mib Sol Reb";"Mib Reb Sol";" ";" ";" ";" ";" ";" ";" ";" ";" ";" ";" ";" ";" ";" ";" ";" ";" ";" ";" ";" ";" ";" ";" ";" ";" ";" "
10;"F 7  ";"F";"Fa";"7";" ";"La Mib";"Mib La";;;;;;;;;;;;;"Fa La Mib";"Fa Mib La";" ";" ";" ";" ";" ";" ";" ";" ";" ";" ";" ";" ";" ";" ";" ";" ";" ";" ";" ";" ";" ";" ";" ";" ";" ";" "
10;"F # 7  ";"F #";"Fa";"7";" ";"La Mib";"Mib La";;;;;;;;;;;;;"Fa La Mib";"Fa Mib La";" ";" ";" ";" ";" ";" ";" ";" ";" ";" ";" ";" ";" ";" ";" ";" ";" ";" ";" ";" ";" ";" ";" ";" ";" ";" "
10;"G 7  ";"G";"Sol";"7";" ";"Si Fa";"Fa Si";;;;;;;;;;;;;"Sol Si Fa";"Sol Fa Si";" ";" ";" ";" ";" ";" ";" ";" ";" ";" ";" ";" ";" ";" ";" ";" ";" ";" ";" ";" ";" ";" ";" ";" ";" ";" "
12;"A 7 6";"A";"La";"7";"6";" ";" ";" ";" ";" ";" ";" ";" ";" ";" ";" ";" ";" ";" ";" ";" ";" ";" ";" ";" ";" ";" ";" ";" ";" ";" ";" ";" ";" ";" ";" ";" ";" ";" ";" ";" ";" ";" ";" ";" ";" ";" "
12;"Ab 7 6";"Ab";"Lab";"7";"6";" ";" ";" ";" ";" ";" ";" ";" ";" ";" ";" ";" ";" ";" ";" ";" ";" ";" ";" ";" ";" ";" ";" ";" ";" ";" ";" ";" ";" ";" ";" ";" ";" ";" ";" ";" ";" ";" ";" ";" ";" ";" "
12;"B 7 6";"B";"Si";"7";"6";" ";" ";" ";" ";" ";" ";" ";" ";" ";" ";" ";" ";" ";" ";" ";" ";" ";" ";" ";" ";" ";" ";" ";" ";" ";" ";" ";" ";" ";" ";" ";" ";" ";" ";" ";" ";" ";" ";" ";" ";" ";" "
12;"Bb 7 6";"Bb";"Sib";"7";"6";" ";" ";" ";" ";" ";" ";" ";" ";" ";" ";" ";" ";" ";" ";" ";" ";" ";" ";" ";" ";" ";" ";" ";" ";" ";" ";" ";" ";" ";" ";" ";" ";" ";" ";" ";" ";" ";" ";" ";" ";" ";" "
12;"C 7 6";"C";"Do";"7";"6";" ";" ";" ";" ";" ";" ";" ";" ";" ";" ";" ";" ";" ";" ";" ";" ";" ";" ";" ";" ";" ";" ";" ";" ";" ";" ";" ";" ";" ";" ";" ";" ";" ";" ";" ";" ";" ";" ";" ";" ";" ";" "
12;"D 7 6";"D";"Re";"7";"6";" ";" ";" ";" ";" ";" ";" ";" ";" ";" ";" ";" ";" ";" ";" ";" ";" ";" ";" ";" ";" ";" ";" ";" ";" ";" ";" ";" ";" ";" ";" ";" ";" ";" ";" ";" ";" ";" ";" ";" ";" ";" "
12;"Db 7 6";"Db";"Reb";"7";"6";" ";" ";" ";" ";" ";" ";" ";" ";" ";" ";" ";" ";" ";" ";" ";" ";" ";" ";" ";" ";" ";" ";" ";" ";" ";" ";" ";" ";" ";" ";" ";" ";" ";" ";" ";" ";" ";" ";" ";" ";" ";" "
12;"E 7 6";"E";"Mi";"7";"6";" ";" ";" ";" ";" ";" ";" ";" ";" ";" ";" ";" ";" ";" ";" ";" ";" ";" ";" ";" ";" ";" ";" ";" ";" ";" ";" ";" ";" ";" ";" ";" ";" ";" ";" ";" ";" ";" ";" ";" ";" ";" "
12;"Eb 7 6";"Eb";"Mib";"7";"6";" ";" ";" ";" ";" ";" ";" ";" ";" ";" ";" ";" ";" ";" ";" ";" ";" ";" ";" ";" ";" ";" ";" ";" ";" ";" ";" ";" ";" ";" ";" ";" ";" ";" ";" ";" ";" ";" ";" ";" ";" ";" "
12;"F 7 6";"F";"Fa";"7";"6";" ";" ";" ";" ";" ";" ";" ";" ";" ";" ";" ";" ";" ";" ";" ";" ";" ";" ";" ";" ";" ";" ";" ";" ";" ";" ";" ";" ";" ";" ";" ";" ";" ";" ";" ";" ";" ";" ";" ";" ";" ";" "
12;"F # 7 6";"F #";"Fa";"7";"6";" ";" ";" ";" ";" ";" ";" ";" ";" ";" ";" ";" ";" ";" ";" ";" ";" ";" ";" ";" ";" ";" ";" ";" ";" ";" ";" ";" ";" ";" ";" ";" ";" ";" ";" ";" ";" ";" ";" ";" ";" ";" "
12;"G 7 6";"G";"Sol";"7";"6";" ";" ";" ";" ";" ";" ";" ";" ";" ";" ";" ";" ";" ";" ";" ";" ";" ";" ";" ";" ";" ";" ";" ";" ";" ";" ";" ";" ";" ";" ";" ";" ";" ";" ";" ";" ";" ";" ";" ";" ";" ";" "
14;"A 7 6 /4";"A";"La";"7";"6 /4";" ";" ";" ";" ";" ";" ";" ";" ";" ";" ";" ";" ";" ";" ";" ";" ";" ";" ";" ";" ";" ";" ";" ";" ";" ";" ";" ";" ";" ";" ";" ";" ";" ";" ";" ";" ";" ";" ";" ";" ";" ";" "
14;"Ab 7 6 /4";"Ab";"Lab";"7";"6 /4";" ";" ";" ";" ";" ";" ";" ";" ";" ";" ";" ";" ";" ";" ";" ";" ";" ";" ";" ";" ";" ";" ";" ";" ";" ";" ";" ";" ";" ";" ";" ";" ";" ";" ";" ";" ";" ";" ";" ";" ";" ";" "
14;"B 7 6 /4";"B";"Si";"7";"6 /4";" ";" ";" ";" ";" ";" ";" ";" ";" ";" ";" ";" ";" ";" ";" ";" ";" ";" ";" ";" ";" ";" ";" ";" ";" ";" ";" ";" ";" ";" ";" ";" ";" ";" ";" ";" ";" ";" ";" ";" ";" ";" "
14;"Bb 7 6 /4";"Bb";"Sib";"7";"6 /4";" ";" ";" ";" ";" ";" ";" ";" ";" ";" ";" ";" ";" ";" ";" ";" ";" ";" ";" ";" ";" ";" ";" ";" ";" ";" ";" ";" ";" ";" ";" ";" ";" ";" ";" ";" ";" ";" ";" ";" ";" ";" "
14;"C 7 6 /4";"C";"Do";"7";"6 /4";" ";" ";" ";" ";" ";" ";" ";" ";" ";" ";" ";" ";" ";" ";" ";" ";" ";" ";" ";" ";" ";" ";" ";" ";" ";" ";" ";" ";" ";" ";" ";" ";" ";" ";" ";" ";" ";" ";" ";" ";" ";" "
14;"D 7 6 /4";"D";"Re";"7";"6 /4";" ";" ";" ";" ";" ";" ";" ";" ";" ";" ";" ";" ";" ";" ";" ";" ";" ";" ";" ";" ";" ";" ";" ";" ";" ";" ";" ";" ";" ";" ";" ";" ";" ";" ";" ";" ";" ";" ";" ";" ";" ";" "
14;"Db 7 6 /4";"Db";"Reb";"7";"6 /4";" ";" ";" ";" ";" ";" ";" ";" ";" ";" ";" ";" ";" ";" ";" ";" ";" ";" ";" ";" ";" ";" ";" ";" ";" ";" ";" ";" ";" ";" ";" ";" ";" ";" ";" ";" ";" ";" ";" ";" ";" ";" "
14;"E 7 6 /4";"E";"Mi";"7";"6 /4";" ";" ";" ";" ";" ";" ";" ";" ";" ";" ";" ";" ";" ";" ";" ";" ";" ";" ";" ";" ";" ";" ";" ";" ";" ";" ";" ";" ";" ";" ";" ";" ";" ";" ";" ";" ";" ";" ";" ";" ";" ";" "
14;"Eb 7 6 /4";"Eb";"Mib";"7";"6 /4";" ";" ";" ";" ";" ";" ";" ";" ";" ";" ";" ";" ";" ";" ";" ";" ";" ";" ";" ";" ";" ";" ";" ";" ";" ";" ";" ";" ";" ";" ";" ";" ";" ";" ";" ";" ";" ";" ";" ";" ";" ";" "
14;"F 7 6 /4";"F";"Fa";"7";"6 /4";" ";" ";" ";" ";" ";" ";" ";" ";" ";" ";" ";" ";" ";" ";" ";" ";" ";" ";" ";" ";" ";" ";" ";" ";" ";" ";" ";" ";" ";" ";" ";" ";" ";" ";" ";" ";" ";" ";" ";" ";" ";" "
14;"F # 7 6 /4";"F #";"Fa";"7";"6 /4";" ";" ";" ";" ";" ";" ";" ";" ";" ";" ";" ";" ";" ";" ";" ";" ";" ";" ";" ";" ";" ";" ";" ";" ";" ";" ";" ";" ";" ";" ";" ";" ";" ";" ";" ";" ";" ";" ";" ";" ";" ";" "
14;"G 7 6 /4";"G";"Sol";"7";"6 /4";" ";" ";" ";" ";" ";" ";" ";" ";" ";" ";" ";" ";" ";" ";" ";" ";" ";" ";" ";" ";" ";" ";" ";" ";" ";" ";" ";" ";" ";" ";" ";" ";" ";" ";" ";" ";" ";" ";" ";" ";" ";" "
16;"A 7 4 / 2";"A";"La";"7";"4 / 2";" ";" ";" ";" ";" ";" ";" ";" ";" ";" ";" ";" ";" ";" ";" ";" ";" ";" ";" ";" ";" ";" ";" ";" ";" ";" ";" ";" ";" ";" ";" ";" ";" ";" ";" ";" ";" ";" ";" ";" ";" ";" "
16;"Ab 7 4 / 2";"Ab";"Lab";"7";"4 / 2";" ";" ";" ";" ";" ";" ";" ";" ";" ";" ";" ";" ";" ";" ";" ";" ";" ";" ";" ";" ";" ";" ";" ";" ";" ";" ";" ";" ";" ";" ";" ";" ";" ";" ";" ";" ";" ";" ";" ";" ";" ";" "
16;"B 7 4 / 2";"B";"Si";"7";"4 / 2";" ";" ";" ";" ";" ";" ";" ";" ";" ";" ";" ";" ";" ";" ";" ";" ";" ";" ";" ";" ";" ";" ";" ";" ";" ";" ";" ";" ";" ";" ";" ";" ";" ";" ";" ";" ";" ";" ";" ";" ";" ";" "
16;"Bb 7 4 / 2";"Bb";"Sib";"7";"4 / 2";" ";" ";" ";" ";" ";" ";" ";" ";" ";" ";" ";" ";" ";" ";" ";" ";" ";" ";" ";" ";" ";" ";" ";" ";" ";" ";" ";" ";" ";" ";" ";" ";" ";" ";" ";" ";" ";" ";" ";" ";" ";" "
16;"C 7 4 / 2";"C";"Do";"7";"4 / 2";" ";" ";" ";" ";" ";" ";" ";" ";" ";" ";" ";" ";" ";" ";" ";" ";" ";" ";" ";" ";" ";" ";" ";" ";" ";" ";" ";" ";" ";" ";" ";" ";" ";" ";" ";" ";" ";" ";" ";" ";" ";" "
16;"D 7 4 / 2";"D";"Re";"7";"4 / 2";" ";" ";" ";" ";" ";" ";" ";" ";" ";" ";" ";" ";" ";" ";" ";" ";" ";" ";" ";" ";" ";" ";" ";" ";" ";" ";" ";" ";" ";" ";" ";" ";" ";" ";" ";" ";" ";" ";" ";" ";" ";" "
16;"Db 7 4 / 2";"Db";"Reb";"7";"4 / 2";" ";" ";" ";" ";" ";" ";" ";" ";" ";" ";" ";" ";" ";" ";" ";" ";" ";" ";" ";" ";" ";" ";" ";" ";" ";" ";" ";" ";" ";" ";" ";" ";" ";" ";" ";" ";" ";" ";" ";" ";" ";" "
16;"E 7 4 / 2";"E";"Mi";"7";"4 / 2";" ";" ";" ";" ";" ";" ";" ";" ";" ";" ";" ";" ";" ";" ";" ";" ";" ";" ";" ";" ";" ";" ";" ";" ";" ";" ";" ";" ";" ";" ";" ";" ";" ";" ";" ";" ";" ";" ";" ";" ";" ";" "
16;"Eb 7 4 / 2";"Eb";"Mib";"7";"4 / 2";" ";" ";" ";" ";" ";" ";" ";" ";" ";" ";" ";" ";" ";" ";" ";" ";" ";" ";" ";" ";" ";" ";" ";" ";" ";" ";" ";" ";" ";" ";" ";" ";" ";" ";" ";" ";" ";" ";" ";" ";" ";" "
16;"F 7 4 / 2";"F";"Fa";"7";"4 / 2";" ";" ";" ";" ";" ";" ";" ";" ";" ";" ";" ";" ";" ";" ";" ";" ";" ";" ";" ";" ";" ";" ";" ";" ";" ";" ";" ";" ";" ";" ";" ";" ";" ";" ";" ";" ";" ";" ";" ";" ";" ";" "
16;"F # 7 4 / 2";"F #";"Fa";"7";"4 / 2";" ";" ";" ";" ";" ";" ";" ";" ";" ";" ";" ";" ";" ";" ";" ";" ";" ";" ";" ";" ";" ";" ";" ";" ";" ";" ";" ";" ";" ";" ";" ";" ";" ";" ";" ";" ";" ";" ";" ";" ";" ";" "
16;"G 7 4 / 2";"G";"Sol";"7";"4 / 2";" ";" ";" ";" ";" ";" ";" ";" ";" ";" ";" ";" ";" ";" ";" ";" ";" ";" ";" ";" ";" ";" ";" ";" ";" ";" ";" ";" ";" ";" ";" ";" ";" ";" ";" ";" ";" ";" ";" ";" ";" ";" "
10;"A half dim  ";"A";"La";"half dim";" ";"Do Sol";"Sol Do";" ";" ";" ";" ";" ";" ";" ";" ";" ";" ";" ";" ";"La Do Sol";"La Sol Do";" ";" ";" ";" ";" ";" ";" ";" ";" ";" ";" ";" ";" ";" ";" ";" ";" ";" ";" ";" ";" ";" ";" ";" ";" ";" "
10;"Ab half dim  ";"Ab";"Lab";"half dim";" ";"Si Solb";"Solb Si";" ";" ";" ";" ";" ";" ";" ";" ";" ";" ";" ";" ";"Lab Si Solb";"Lab Solb Si";" ";" ";" ";" ";" ";" ";" ";" ";" ";" ";" ";" ";" ";" ";" ";" ";" ";" ";" ";" ";" ";" ";" ";" ";" ";" "
10;"B half dim  ";"B";"Si";"half dim";" ";"Re La";"La Re";" ";" ";" ";" ";" ";" ";" ";" ";" ";" ";" ";" ";"Si Re La";"Si La Re";" ";" ";" ";" ";" ";" ";" ";" ";" ";" ";" ";" ";" ";" ";" ";" ";" ";" ";" ";" ";" ";" ";" ";" ";" ";" "
10;"Bb half dim  ";"Bb";"Sib";"half dim";" ";"Reb Lab";"Lab Reb";" ";" ";" ";" ";" ";" ";" ";" ";" ";" ";" ";" ";"Sib Reb Lab";"Sib Lab Reb";" ";" ";" ";" ";" ";" ";" ";" ";" ";" ";" ";" ";" ";" ";" ";" ";" ";" ";" ";" ";" ";" ";" ";" ";" ";" "
10;"C half dim  ";"C";"Do";"half dim";" ";"Mib Sib";"Sib Mib";" ";" ";" ";" ";" ";" ";" ";" ";" ";" ";" ";" ";"Do Mib Sib";"Do Sib Mib";" ";" ";" ";" ";" ";" ";" ";" ";" ";" ";" ";" ";" ";" ";" ";" ";" ";" ";" ";" ";" ";" ";" ";" ";" ";" "
10;"D half dim  ";"D";"Re";"half dim";" ";"Fa Do";"Do Fa";" ";" ";" ";" ";" ";" ";" ";" ";" ";" ";" ";" ";"Re Fa Do";"Re Do Fa";" ";" ";" ";" ";" ";" ";" ";" ";" ";" ";" ";" ";" ";" ";" ";" ";" ";" ";" ";" ";" ";" ";" ";" ";" ";" "
10;"Db half dim  ";"Db";"Reb";"half dim";" ";"Mi Si";"Si Mi";" ";" ";" ";" ";" ";" ";" ";" ";" ";" ";" ";" ";"Reb Mi Si";"Reb Si Mi";" ";" ";" ";" ";" ";" ";" ";" ";" ";" ";" ";" ";" ";" ";" ";" ";" ";" ";" ";" ";" ";" ";" ";" ";" ";" "
10;"E half dim  ";"E";"Mi";"half dim";" ";"Sol Re";"Re Sol";" ";" ";" ";" ";" ";" ";" ";" ";" ";" ";" ";" ";"Mi Sol Re";"Mi Re Sol";" ";" ";" ";" ";" ";" ";" ";" ";" ";" ";" ";" ";" ";" ";" ";" ";" ";" ";" ";" ";" ";" ";" ";" ";" ";" "
10;"Eb half dim  ";"Eb";"Mib";"half dim";" ";"Solb Reb";"Reb Solb";" ";" ";" ";" ";" ";" ";" ";" ";" ";" ";" ";" ";"Mib Solb Reb";"Mib Reb Solb";" ";" ";" ";" ";" ";" ";" ";" ";" ";" ";" ";" ";" ";" ";" ";" ";" ";" ";" ";" ";" ";" ";" ";" ";" ";" "
10;"F half dim  ";"F";"Fa";"half dim";" ";"Lab Mib";"Mib Lab";" ";" ";" ";" ";" ";" ";" ";" ";" ";" ";" ";" ";"Fa Lab Mib";"Fa Mib Lab";" ";" ";" ";" ";" ";" ";" ";" ";" ";" ";" ";" ";" ";" ";" ";" ";" ";" ";" ";" ";" ";" ";" ";" ";" ";" "
10;"F # half dim  ";"F #";"Fa";"half dim";" ";"Lab Mib";"Mib Lab";" ";" ";" ";" ";" ";" ";" ";" ";" ";" ";" ";" ";"Fa Lab Mib";"Fa Mib Lab";" ";" ";" ";" ";" ";" ";" ";" ";" ";" ";" ";" ";" ";" ";" ";" ";" ";" ";" ";" ";" ";" ";" ";" ";" ";" "
10;"G half dim  ";"G";"Sol";"half dim";" ";"Sib Fa";"Fa Sib";" ";" ";" ";" ";" ";" ";" ";" ";" ";" ";" ";" ";"Sol Sib Fa";"Sol Fa Sib";" ";" ";" ";" ";" ";" ";" ";" ";" ";" ";" ";" ";" ";" ";" ";" ";" ";" ";" ";" ";" ";" ";" ";" ";" ";" "
12;"A half dim 6";"A";"La";"half dim";"6";" ";" ";" ";" ";" ";" ";" ";" ";" ";" ";" ";" ";" ";" ";" ";" ";" ";" ";" ";" ";" ";" ";" ";" ";" ";" ";" ";" ";" ";" ";" ";" ";" ";" ";" ";" ";" ";" ";" ";" ";" ";" "
12;"Ab half dim 6";"Ab";"Lab";"half dim";"6";" ";" ";" ";" ";" ";" ";" ";" ";" ";" ";" ";" ";" ";" ";" ";" ";" ";" ";" ";" ";" ";" ";" ";" ";" ";" ";" ";" ";" ";" ";" ";" ";" ";" ";" ";" ";" ";" ";" ";" ";" ";" "
12;"B half dim 6";"B";"Si";"half dim";"6";" ";" ";" ";" ";" ";" ";" ";" ";" ";" ";" ";" ";" ";" ";" ";" ";" ";" ";" ";" ";" ";" ";" ";" ";" ";" ";" ";" ";" ";" ";" ";" ";" ";" ";" ";" ";" ";" ";" ";" ";" ";" "
12;"Bb half dim 6";"Bb";"Sib";"half dim";"6";" ";" ";" ";" ";" ";" ";" ";" ";" ";" ";" ";" ";" ";" ";" ";" ";" ";" ";" ";" ";" ";" ";" ";" ";" ";" ";" ";" ";" ";" ";" ";" ";" ";" ";" ";" ";" ";" ";" ";" ";" ";" "
12;"C half dim 6";"C";"Do";"half dim";"6";" ";" ";" ";" ";" ";" ";" ";" ";" ";" ";" ";" ";" ";" ";" ";" ";" ";" ";" ";" ";" ";" ";" ";" ";" ";" ";" ";" ";" ";" ";" ";" ";" ";" ";" ";" ";" ";" ";" ";" ";" ";" "
12;"D half dim 6";"D";"Re";"half dim";"6";" ";" ";" ";" ";" ";" ";" ";" ";" ";" ";" ";" ";" ";" ";" ";" ";" ";" ";" ";" ";" ";" ";" ";" ";" ";" ";" ";" ";" ";" ";" ";" ";" ";" ";" ";" ";" ";" ";" ";" ";" ";" "
12;"Db half dim 6";"Db";"Reb";"half dim";"6";" ";" ";" ";" ";" ";" ";" ";" ";" ";" ";" ";" ";" ";" ";" ";" ";" ";" ";" ";" ";" ";" ";" ";" ";" ";" ";" ";" ";" ";" ";" ";" ";" ";" ";" ";" ";" ";" ";" ";" ";" ";" "
12;"E half dim 6";"E";"Mi";"half dim";"6";" ";" ";" ";" ";" ";" ";" ";" ";" ";" ";" ";" ";" ";" ";" ";" ";" ";" ";" ";" ";" ";" ";" ";" ";" ";" ";" ";" ";" ";" ";" ";" ";" ";" ";" ";" ";" ";" ";" ";" ";" ";" "
12;"Eb half dim 6";"Eb";"Mib";"half dim";"6";" ";" ";" ";" ";" ";" ";" ";" ";" ";" ";" ";" ";" ";" ";" ";" ";" ";" ";" ";" ";" ";" ";" ";" ";" ";" ";" ";" ";" ";" ";" ";" ";" ";" ";" ";" ";" ";" ";" ";" ";" ";" "
12;"F half dim 6";"F";"Fa";"half dim";"6";" ";" ";" ";" ";" ";" ";" ";" ";" ";" ";" ";" ";" ";" ";" ";" ";" ";" ";" ";" ";" ";" ";" ";" ";" ";" ";" ";" ";" ";" ";" ";" ";" ";" ";" ";" ";" ";" ";" ";" ";" ";" "
12;"F # half dim 6";"F #";"Fa";"half dim";"6";" ";" ";" ";" ";" ";" ";" ";" ";" ";" ";" ";" ";" ";" ";" ";" ";" ";" ";" ";" ";" ";" ";" ";" ";" ";" ";" ";" ";" ";" ";" ";" ";" ";" ";" ";" ";" ";" ";" ";" ";" ";" "
12;"G half dim 6";"G";"Sol";"half dim";"6";" ";" ";" ";" ";" ";" ";" ";" ";" ";" ";" ";" ";" ";" ";" ";" ";" ";" ";" ";" ";" ";" ";" ";" ";" ";" ";" ";" ";" ";" ";" ";" ";" ";" ";" ";" ";" ";" ";" ";" ";" ";" "
14;"A half dim 6 /4";"A";"La";"half dim";"6 /4";" ";" ";" ";" ";" ";" ";" ";" ";" ";" ";" ";" ";" ";" ";" ";" ";" ";" ";" ";" ";" ";" ";" ";" ";" ";" ";" ";" ";" ";" ";" ";" ";" ";" ";" ";" ";" ";" ";" ";" ";" ";" "
14;"Ab half dim 6 /4";"Ab";"Lab";"half dim";"6 /4";" ";" ";" ";" ";" ";" ";" ";" ";" ";" ";" ";" ";" ";" ";" ";" ";" ";" ";" ";" ";" ";" ";" ";" ";" ";" ";" ";" ";" ";" ";" ";" ";" ";" ";" ";" ";" ";" ";" ";" ";" ";" "
14;"B half dim 6 /4";"B";"Si";"half dim";"6 /4";" ";" ";" ";" ";" ";" ";" ";" ";" ";" ";" ";" ";" ";" ";" ";" ";" ";" ";" ";" ";" ";" ";" ";" ";" ";" ";" ";" ";" ";" ";" ";" ";" ";" ";" ";" ";" ";" ";" ";" ";" ";" "
14;"Bb half dim 6 /4";"Bb";"Sib";"half dim";"6 /4";" ";" ";" ";" ";" ";" ";" ";" ";" ";" ";" ";" ";" ";" ";" ";" ";" ";" ";" ";" ";" ";" ";" ";" ";" ";" ";" ";" ";" ";" ";" ";" ";" ";" ";" ";" ";" ";" ";" ";" ";" ";" "
14;"C half dim 6 /4";"C";"Do";"half dim";"6 /4";" ";" ";" ";" ";" ";" ";" ";" ";" ";" ";" ";" ";" ";" ";" ";" ";" ";" ";" ";" ";" ";" ";" ";" ";" ";" ";" ";" ";" ";" ";" ";" ";" ";" ";" ";" ";" ";" ";" ";" ";" ";" "
14;"D half dim 6 /4";"D";"Re";"half dim";"6 /4";" ";" ";" ";" ";" ";" ";" ";" ";" ";" ";" ";" ";" ";" ";" ";" ";" ";" ";" ";" ";" ";" ";" ";" ";" ";" ";" ";" ";" ";" ";" ";" ";" ";" ";" ";" ";" ";" ";" ";" ";" ";" "
14;"Db half dim 6 /4";"Db";"Reb";"half dim";"6 /4";" ";" ";" ";" ";" ";" ";" ";" ";" ";" ";" ";" ";" ";" ";" ";" ";" ";" ";" ";" ";" ";" ";" ";" ";" ";" ";" ";" ";" ";" ";" ";" ";" ";" ";" ";" ";" ";" ";" ";" ";" ";" "
14;"E half dim 6 /4";"E";"Mi";"half dim";"6 /4";" ";" ";" ";" ";" ";" ";" ";" ";" ";" ";" ";" ";" ";" ";" ";" ";" ";" ";" ";" ";" ";" ";" ";" ";" ";" ";" ";" ";" ";" ";" ";" ";" ";" ";" ";" ";" ";" ";" ";" ";" ";" "
14;"Eb half dim 6 /4";"Eb";"Mib";"half dim";"6 /4";" ";" ";" ";" ";" ";" ";" ";" ";" ";" ";" ";" ";" ";" ";" ";" ";" ";" ";" ";" ";" ";" ";" ";" ";" ";" ";" ";" ";" ";" ";" ";" ";" ";" ";" ";" ";" ";" ";" ";" ";" ";" "
14;"F half dim 6 /4";"F";"Fa";"half dim";"6 /4";" ";" ";" ";" ";" ";" ";" ";" ";" ";" ";" ";" ";" ";" ";" ";" ";" ";" ";" ";" ";" ";" ";" ";" ";" ";" ";" ";" ";" ";" ";" ";" ";" ";" ";" ";" ";" ";" ";" ";" ";" ";" "
14;"F # half dim 6 /4";"F #";"Fa";"half dim";"6 /4";" ";" ";" ";" ";" ";" ";" ";" ";" ";" ";" ";" ";" ";" ";" ";" ";" ";" ";" ";" ";" ";" ";" ";" ";" ";" ";" ";" ";" ";" ";" ";" ";" ";" ";" ";" ";" ";" ";" ";" ";" ";" "
14;"G half dim 6 /4";"G";"Sol";"half dim";"6 /4";" ";" ";" ";" ";" ";" ";" ";" ";" ";" ";" ";" ";" ";" ";" ";" ";" ";" ";" ";" ";" ";" ";" ";" ";" ";" ";" ";" ";" ";" ";" ";" ";" ";" ";" ";" ";" ";" ";" ";" ";" ";" "
16;"A half dim 4 / 2";"A";"La";"half dim";"4 / 2";" ";" ";" ";" ";" ";" ";" ";" ";" ";" ";" ";" ";" ";" ";" ";" ";" ";" ";" ";" ";" ";" ";" ";" ";" ";" ";" ";" ";" ";" ";" ";" ";" ";" ";" ";" ";" ";" ";" ";" ";" ";" "
16;"Ab half dim 4 / 2";"Ab";"Lab";"half dim";"4 / 2";" ";" ";" ";" ";" ";" ";" ";" ";" ";" ";" ";" ";" ";" ";" ";" ";" ";" ";" ";" ";" ";" ";" ";" ";" ";" ";" ";" ";" ";" ";" ";" ";" ";" ";" ";" ";" ";" ";" ";" ";" ";" "
16;"B half dim 4 / 2";"B";"Si";"half dim";"4 / 2";" ";" ";" ";" ";" ";" ";" ";" ";" ";" ";" ";" ";" ";" ";" ";" ";" ";" ";" ";" ";" ";" ";" ";" ";" ";" ";" ";" ";" ";" ";" ";" ";" ";" ";" ";" ";" ";" ";" ";" ";" ";" "
16;"Bb half dim 4 / 2";"Bb";"Sib";"half dim";"4 / 2";" ";" ";" ";" ";" ";" ";" ";" ";" ";" ";" ";" ";" ";" ";" ";" ";" ";" ";" ";" ";" ";" ";" ";" ";" ";" ";" ";" ";" ";" ";" ";" ";" ";" ";" ";" ";" ";" ";" ";" ";" ";" "
16;"C half dim 4 / 2";"C";"Do";"half dim";"4 / 2";" ";" ";" ";" ";" ";" ";" ";" ";" ";" ";" ";" ";" ";" ";" ";" ";" ";" ";" ";" ";" ";" ";" ";" ";" ";" ";" ";" ";" ";" ";" ";" ";" ";" ";" ";" ";" ";" ";" ";" ";" ";" "
16;"D half dim 4 / 2";"D";"Re";"half dim";"4 / 2";" ";" ";" ";" ";" ";" ";" ";" ";" ";" ";" ";" ";" ";" ";" ";" ";" ";" ";" ";" ";" ";" ";" ";" ";" ";" ";" ";" ";" ";" ";" ";" ";" ";" ";" ";" ";" ";" ";" ";" ";" ";" "
16;"Db half dim 4 / 2";"Db";"Reb";"half dim";"4 / 2";" ";" ";" ";" ";" ";" ";" ";" ";" ";" ";" ";" ";" ";" ";" ";" ";" ";" ";" ";" ";" ";" ";" ";" ";" ";" ";" ";" ";" ";" ";" ";" ";" ";" ";" ";" ";" ";" ";" ";" ";" ";" "
16;"E half dim 4 / 2";"E";"Mi";"half dim";"4 / 2";" ";" ";" ";" ";" ";" ";" ";" ";" ";" ";" ";" ";" ";" ";" ";" ";" ";" ";" ";" ";" ";" ";" ";" ";" ";" ";" ";" ";" ";" ";" ";" ";" ";" ";" ";" ";" ";" ";" ";" ";" ";" "
16;"Eb half dim 4 / 2";"Eb";"Mib";"half dim";"4 / 2";" ";" ";" ";" ";" ";" ";" ";" ";" ";" ";" ";" ";" ";" ";" ";" ";" ";" ";" ";" ";" ";" ";" ";" ";" ";" ";" ";" ";" ";" ";" ";" ";" ";" ";" ";" ";" ";" ";" ";" ";" ";" "
16;"F half dim 4 / 2";"F";"Fa";"half dim";"4 / 2";" ";" ";" ";" ";" ";" ";" ";" ";" ";" ";" ";" ";" ";" ";" ";" ";" ";" ";" ";" ";" ";" ";" ";" ";" ";" ";" ";" ";" ";" ";" ";" ";" ";" ";" ";" ";" ";" ";" ";" ";" ";" "
16;"F # half dim 4 / 2";"F #";"Fa";"half dim";"4 / 2";" ";" ";" ";" ";" ";" ";" ";" ";" ";" ";" ";" ";" ";" ";" ";" ";" ";" ";" ";" ";" ";" ";" ";" ";" ";" ";" ";" ";" ";" ";" ";" ";" ";" ";" ";" ";" ";" ";" ";" ";" ";" "
16;"G half dim 4 / 2";"G";"Sol";"half dim";"4 / 2";" ";" ";" ";" ";" ";" ";" ";" ";" ";" ";" ";" ";" ";" ";" ";" ";" ";" ";" ";" ";" ";" ";" ";" ";" ";" ";" ";" ";" ";" ";" ";" ";" ";" ";" ";" ";" ";" ";" ";" ";" ";" "
10;"A M7  ";"A";"La";"M7";" ";"Dod Sold";"Sold Dod";" ";" ";" ";" ";" ";" ";" ";" ";" ";" ";" ";" ";"La Dod Sold";"La Sold Dod";" ";" ";" ";" ";" ";" ";" ";" ";" ";" ";" ";" ";" ";" ";" ";" ";" ";" ";" ";" ";" ";" ";" ";" ";" ";" "
10;"Ab M7  ";"Ab";"Lab";"M7";" ";"Do Sol";"Sol Do";" ";" ";" ";" ";" ";" ";" ";" ";" ";" ";" ";" ";"Lab Do Sol";"Lab Sol Do";" ";" ";" ";" ";" ";" ";" ";" ";" ";" ";" ";" ";" ";" ";" ";" ";" ";" ";" ";" ";" ";" ";" ";" ";" ";" "
10;"B M7  ";"B";"Si";"M7";" ";"Red Lad";"Lad Red";" ";" ";" ";" ";" ";" ";" ";" ";" ";" ";" ";" ";"Si Red Lad";"Si Lad Red";" ";" ";" ";" ";" ";" ";" ";" ";" ";" ";" ";" ";" ";" ";" ";" ";" ";" ";" ";" ";" ";" ";" ";" ";" ";" "
10;"Bb M7  ";"Bb";"Sib";"M7";" ";"Re La";"La Re";" ";" ";" ";" ";" ";" ";" ";" ";" ";" ";" ";" ";"Sib Re La";"Sib La Re";" ";" ";" ";" ";" ";" ";" ";" ";" ";" ";" ";" ";" ";" ";" ";" ";" ";" ";" ";" ";" ";" ";" ";" ";" ";" "
10;"C M7  ";"C";"Do";"M7";" ";"Mi Si";"Si Mi";" ";" ";" ";" ";" ";" ";" ";" ";" ";" ";" ";" ";"Do Mi Si";"Do Si Mi";" ";" ";" ";" ";" ";" ";" ";" ";" ";" ";" ";" ";" ";" ";" ";" ";" ";" ";" ";" ";" ";" ";" ";" ";" ";" "
10;"D M7  ";"D";"Re";"M7";" ";"Fad Dod";"Dod Fad";" ";" ";" ";" ";" ";" ";" ";" ";" ";" ";" ";" ";"Re Fad Dod";"Re Dod Fad";" ";" ";" ";" ";" ";" ";" ";" ";" ";" ";" ";" ";" ";" ";" ";" ";" ";" ";" ";" ";" ";" ";" ";" ";" ";" "
10;"Db M7  ";"Db";"Reb";"M7";" ";"Fa Do";"Do Fa";" ";" ";" ";" ";" ";" ";" ";" ";" ";" ";" ";" ";"Reb Fa Do";"Reb Do Fa";" ";" ";" ";" ";" ";" ";" ";" ";" ";" ";" ";" ";" ";" ";" ";" ";" ";" ";" ";" ";" ";" ";" ";" ";" ";" "
10;"E M7  ";"E";"Mi";"M7";" ";"Sold Red";"Red Sold";" ";" ";" ";" ";" ";" ";" ";" ";" ";" ";" ";" ";"Mi Sold Red";"Mi Red Sold";" ";" ";" ";" ";" ";" ";" ";" ";" ";" ";" ";" ";" ";" ";" ";" ";" ";" ";" ";" ";" ";" ";" ";" ";" ";" "
10;"Eb M7  ";"Eb";"Mib";"M7";" ";"Sol Re";"Re Sol";" ";" ";" ";" ";" ";" ";" ";" ";" ";" ";" ";" ";"Mib Sol Re";"Mib Re Sol";" ";" ";" ";" ";" ";" ";" ";" ";" ";" ";" ";" ";" ";" ";" ";" ";" ";" ";" ";" ";" ";" ";" ";" ";" ";" "
10;"F M7  ";"F";"Fa";"M7";" ";"La Mi";"Mi La";" ";" ";" ";" ";" ";" ";" ";" ";" ";" ";" ";" ";"Fa La Mi";"Fa Mi La";" ";" ";" ";" ";" ";" ";" ";" ";" ";" ";" ";" ";" ";" ";" ";" ";" ";" ";" ";" ";" ";" ";" ";" ";" ";" "
10;"F # M7  ";"F #";"Fa";"M7";" ";"La Mi";"Mi La";" ";" ";" ";" ";" ";" ";" ";" ";" ";" ";" ";" ";"Fa La Mi";"Fa Mi La";" ";" ";" ";" ";" ";" ";" ";" ";" ";" ";" ";" ";" ";" ";" ";" ";" ";" ";" ";" ";" ";" ";" ";" ";" ";" "
10;"G M7  ";"G";"Sol";"M7";" ";"Si Fad";"Fad Si";" ";" ";" ";" ";" ";" ";" ";" ";" ";" ";" ";" ";"Sol Si Fad";"Sol Fad Si";" ";" ";" ";" ";" ";" ";" ";" ";" ";" ";" ";" ";" ";" ";" ";" ";" ";" ";" ";" ";" ";" ";" ";" ";" ";" "
12;"A M7 6";"A";"La";"M7";"6";" ";" ";" ";" ";" ";" ";" ";" ";" ";" ";" ";" ";" ";" ";" ";" ";" ";" ";" ";" ";" ";" ";" ";" ";" ";" ";" ";" ";" ";" ";" ";" ";" ";" ";" ";" ";" ";" ";" ";" ";" ";" "
12;"Ab M7 6";"Ab";"Lab";"M7";"6";" ";" ";" ";" ";" ";" ";" ";" ";" ";" ";" ";" ";" ";" ";" ";" ";" ";" ";" ";" ";" ";" ";" ";" ";" ";" ";" ";" ";" ";" ";" ";" ";" ";" ";" ";" ";" ";" ";" ";" ";" ";" "
12;"B M7 6";"B";"Si";"M7";"6";" ";" ";" ";" ";" ";" ";" ";" ";" ";" ";" ";" ";" ";" ";" ";" ";" ";" ";" ";" ";" ";" ";" ";" ";" ";" ";" ";" ";" ";" ";" ";" ";" ";" ";" ";" ";" ";" ";" ";" ";" ";" "
12;"Bb M7 6";"Bb";"Sib";"M7";"6";" ";" ";" ";" ";" ";" ";" ";" ";" ";" ";" ";" ";" ";" ";" ";" ";" ";" ";" ";" ";" ";" ";" ";" ";" ";" ";" ";" ";" ";" ";" ";" ";" ";" ";" ";" ";" ";" ";" ";" ";" ";" "
12;"C M7 6";"C";"Do";"M7";"6";" ";" ";" ";" ";" ";" ";" ";" ";" ";" ";" ";" ";" ";" ";" ";" ";" ";" ";" ";" ";" ";" ";" ";" ";" ";" ";" ";" ";" ";" ";" ";" ";" ";" ";" ";" ";" ";" ";" ";" ";" ";" "
12;"D M7 6";"D";"Re";"M7";"6";" ";" ";" ";" ";" ";" ";" ";" ";" ";" ";" ";" ";" ";" ";" ";" ";" ";" ";" ";" ";" ";" ";" ";" ";" ";" ";" ";" ";" ";" ";" ";" ";" ";" ";" ";" ";" ";" ";" ";" ";" ";" "
12;"Db M7 6";"Db";"Reb";"M7";"6";" ";" ";" ";" ";" ";" ";" ";" ";" ";" ";" ";" ";" ";" ";" ";" ";" ";" ";" ";" ";" ";" ";" ";" ";" ";" ";" ";" ";" ";" ";" ";" ";" ";" ";" ";" ";" ";" ";" ";" ";" ";" "
12;"E M7 6";"E";"Mi";"M7";"6";" ";" ";" ";" ";" ";" ";" ";" ";" ";" ";" ";" ";" ";" ";" ";" ";" ";" ";" ";" ";" ";" ";" ";" ";" ";" ";" ";" ";" ";" ";" ";" ";" ";" ";" ";" ";" ";" ";" ";" ";" ";" "
12;"Eb M7 6";"Eb";"Mib";"M7";"6";" ";" ";" ";" ";" ";" ";" ";" ";" ";" ";" ";" ";" ";" ";" ";" ";" ";" ";" ";" ";" ";" ";" ";" ";" ";" ";" ";" ";" ";" ";" ";" ";" ";" ";" ";" ";" ";" ";" ";" ";" ";" "
12;"F M7 6";"F";"Fa";"M7";"6";" ";" ";" ";" ";" ";" ";" ";" ";" ";" ";" ";" ";" ";" ";" ";" ";" ";" ";" ";" ";" ";" ";" ";" ";" ";" ";" ";" ";" ";" ";" ";" ";" ";" ";" ";" ";" ";" ";" ";" ";" ";" "
12;"F # M7 6";"F #";"Fa";"M7";"6";" ";" ";" ";" ";" ";" ";" ";" ";" ";" ";" ";" ";" ";" ";" ";" ";" ";" ";" ";" ";" ";" ";" ";" ";" ";" ";" ";" ";" ";" ";" ";" ";" ";" ";" ";" ";" ";" ";" ";" ";" ";" "
12;"G M7 6";"G";"Sol";"M7";"6";" ";" ";" ";" ";" ";" ";" ";" ";" ";" ";" ";" ";" ";" ";" ";" ";" ";" ";" ";" ";" ";" ";" ";" ";" ";" ";" ";" ";" ";" ";" ";" ";" ";" ";" ";" ";" ";" ";" ";" ";" ";" "
14;"A M7 6 /4";"A";"La";"M7";"6 /4";" ";" ";" ";" ";" ";" ";" ";" ";" ";" ";" ";" ";" ";" ";" ";" ";" ";" ";" ";" ";" ";" ";" ";" ";" ";" ";" ";" ";" ";" ";" ";" ";" ";" ";" ";" ";" ";" ";" ";" ";" ";" "
14;"Ab M7 6 /4";"Ab";"Lab";"M7";"6 /4";" ";" ";" ";" ";" ";" ";" ";" ";" ";" ";" ";" ";" ";" ";" ";" ";" ";" ";" ";" ";" ";" ";" ";" ";" ";" ";" ";" ";" ";" ";" ";" ";" ";" ";" ";" ";" ";" ";" ";" ";" ";" "
14;"B M7 6 /4";"B";"Si";"M7";"6 /4";" ";" ";" ";" ";" ";" ";" ";" ";" ";" ";" ";" ";" ";" ";" ";" ";" ";" ";" ";" ";" ";" ";" ";" ";" ";" ";" ";" ";" ";" ";" ";" ";" ";" ";" ";" ";" ";" ";" ";" ";" ";" "
14;"Bb M7 6 /4";"Bb";"Sib";"M7";"6 /4";" ";" ";" ";" ";" ";" ";" ";" ";" ";" ";" ";" ";" ";" ";" ";" ";" ";" ";" ";" ";" ";" ";" ";" ";" ";" ";" ";" ";" ";" ";" ";" ";" ";" ";" ";" ";" ";" ";" ";" ";" ";" "
14;"C M7 6 /4";"C";"Do";"M7";"6 /4";" ";" ";" ";" ";" ";" ";" ";" ";" ";" ";" ";" ";" ";" ";" ";" ";" ";" ";" ";" ";" ";" ";" ";" ";" ";" ";" ";" ";" ";" ";" ";" ";" ";" ";" ";" ";" ";" ";" ";" ";" ";" "
14;"D M7 6 /4";"D";"Re";"M7";"6 /4";" ";" ";" ";" ";" ";" ";" ";" ";" ";" ";" ";" ";" ";" ";" ";" ";" ";" ";" ";" ";" ";" ";" ";" ";" ";" ";" ";" ";" ";" ";" ";" ";" ";" ";" ";" ";" ";" ";" ";" ";" ";" "
14;"Db M7 6 /4";"Db";"Reb";"M7";"6 /4";" ";" ";" ";" ";" ";" ";" ";" ";" ";" ";" ";" ";" ";" ";" ";" ";" ";" ";" ";" ";" ";" ";" ";" ";" ";" ";" ";" ";" ";" ";" ";" ";" ";" ";" ";" ";" ";" ";" ";" ";" ";" "
14;"E M7 6 /4";"E";"Mi";"M7";"6 /4";" ";" ";" ";" ";" ";" ";" ";" ";" ";" ";" ";" ";" ";" ";" ";" ";" ";" ";" ";" ";" ";" ";" ";" ";" ";" ";" ";" ";" ";" ";" ";" ";" ";" ";" ";" ";" ";" ";" ";" ";" ";" "
14;"Eb M7 6 /4";"Eb";"Mib";"M7";"6 /4";" ";" ";" ";" ";" ";" ";" ";" ";" ";" ";" ";" ";" ";" ";" ";" ";" ";" ";" ";" ";" ";" ";" ";" ";" ";" ";" ";" ";" ";" ";" ";" ";" ";" ";" ";" ";" ";" ";" ";" ";" ";" "
14;"F M7 6 /4";"F";"Fa";"M7";"6 /4";" ";" ";" ";" ";" ";" ";" ";" ";" ";" ";" ";" ";" ";" ";" ";" ";" ";" ";" ";" ";" ";" ";" ";" ";" ";" ";" ";" ";" ";" ";" ";" ";" ";" ";" ";" ";" ";" ";" ";" ";" ";" "
14;"F # M7 6 /4";"F #";"Fa";"M7";"6 /4";" ";" ";" ";" ";" ";" ";" ";" ";" ";" ";" ";" ";" ";" ";" ";" ";" ";" ";" ";" ";" ";" ";" ";" ";" ";" ";" ";" ";" ";" ";" ";" ";" ";" ";" ";" ";" ";" ";" ";" ";" ";" "
14;"G M7 6 /4";"G";"Sol";"M7";"6 /4";" ";" ";" ";" ";" ";" ";" ";" ";" ";" ";" ";" ";" ";" ";" ";" ";" ";" ";" ";" ";" ";" ";" ";" ";" ";" ";" ";" ";" ";" ";" ";" ";" ";" ";" ";" ";" ";" ";" ";" ";" ";" "
16;"A M7 4 / 2";"A";"La";"M7";"4 / 2";" ";" ";" ";" ";" ";" ";" ";" ";" ";" ";" ";" ";" ";" ";" ";" ";" ";" ";" ";" ";" ";" ";" ";" ";" ";" ";" ";" ";" ";" ";" ";" ";" ";" ";" ";" ";" ";" ";" ";" ";" ";" "
16;"Ab M7 4 / 2";"Ab";"Lab";"M7";"4 / 2";" ";" ";" ";" ";" ";" ";" ";" ";" ";" ";" ";" ";" ";" ";" ";" ";" ";" ";" ";" ";" ";" ";" ";" ";" ";" ";" ";" ";" ";" ";" ";" ";" ";" ";" ";" ";" ";" ";" ";" ";" ";" "
16;"B M7 4 / 2";"B";"Si";"M7";"4 / 2";" ";" ";" ";" ";" ";" ";" ";" ";" ";" ";" ";" ";" ";" ";" ";" ";" ";" ";" ";" ";" ";" ";" ";" ";" ";" ";" ";" ";" ";" ";" ";" ";" ";" ";" ";" ";" ";" ";" ";" ";" ";" "
16;"Bb M7 4 / 2";"Bb";"Sib";"M7";"4 / 2";" ";" ";" ";" ";" ";" ";" ";" ";" ";" ";" ";" ";" ";" ";" ";" ";" ";" ";" ";" ";" ";" ";" ";" ";" ";" ";" ";" ";" ";" ";" ";" ";" ";" ";" ";" ";" ";" ";" ";" ";" ";" "
16;"C M7 4 / 2";"C";"Do";"M7";"4 / 2";" ";" ";" ";" ";" ";" ";" ";" ";" ";" ";" ";" ";" ";" ";" ";" ";" ";" ";" ";" ";" ";" ";" ";" ";" ";" ";" ";" ";" ";" ";" ";" ";" ";" ";" ";" ";" ";" ";" ";" ";" ";" "
16;"D M7 4 / 2";"D";"Re";"M7";"4 / 2";" ";" ";" ";" ";" ";" ";" ";" ";" ";" ";" ";" ";" ";" ";" ";" ";" ";" ";" ";" ";" ";" ";" ";" ";" ";" ";" ";" ";" ";" ";" ";" ";" ";" ";" ";" ";" ";" ";" ";" ";" ";" "
16;"Db M7 4 / 2";"Db";"Reb";"M7";"4 / 2";" ";" ";" ";" ";" ";" ";" ";" ";" ";" ";" ";" ";" ";" ";" ";" ";" ";" ";" ";" ";" ";" ";" ";" ";" ";" ";" ";" ";" ";" ";" ";" ";" ";" ";" ";" ";" ";" ";" ";" ";" ";" "
16;"E M7 4 / 2";"E";"Mi";"M7";"4 / 2";" ";" ";" ";" ";" ";" ";" ";" ";" ";" ";" ";" ";" ";" ";" ";" ";" ";" ";" ";" ";" ";" ";" ";" ";" ";" ";" ";" ";" ";" ";" ";" ";" ";" ";" ";" ";" ";" ";" ";" ";" ";" "
16;"Eb M7 4 / 2";"Eb";"Mib";"M7";"4 / 2";" ";" ";" ";" ";" ";" ";" ";" ";" ";" ";" ";" ";" ";" ";" ";" ";" ";" ";" ";" ";" ";" ";" ";" ";" ";" ";" ";" ";" ";" ";" ";" ";" ";" ";" ";" ";" ";" ";" ";" ";" ";" "
16;"F M7 4 / 2";"F";"Fa";"M7";"4 / 2";" ";" ";" ";" ";" ";" ";" ";" ";" ";" ";" ";" ";" ";" ";" ";" ";" ";" ";" ";" ";" ";" ";" ";" ";" ";" ";" ";" ";" ";" ";" ";" ";" ";" ";" ";" ";" ";" ";" ";" ";" ";" "
16;"F # M7 4 / 2";"F #";"Fa";"M7";"4 / 2";" ";" ";" ";" ";" ";" ";" ";" ";" ";" ";" ";" ";" ";" ";" ";" ";" ";" ";" ";" ";" ";" ";" ";" ";" ";" ";" ";" ";" ";" ";" ";" ";" ";" ";" ";" ";" ";" ";" ";" ";" ";" "
16;"G M7 4 / 2";"G";"Sol";"M7";"4 / 2";" ";" ";" ";" ";" ";" ";" ";" ";" ";" ";" ";" ";" ";" ";" ";" ";" ";" ";" ";" ";" ";" ";" ";" ";" ";" ";" ";" ";" ";" ";" ";" ";" ";" ";" ";" ";" ";" ";" ";" ";" ";" "
10;"A min 7  ";"A";"La";"min 7";" ";"Do Sol";"Sol Do";" ";" ";" ";" ";" ";" ";" ";" ";" ";" ";" ";" ";"La Do Sol";"La Sol Do";" ";" ";" ";" ";" ";" ";" ";" ";" ";" ";" ";" ";" ";" ";" ";" ";" ";" ";" ";" ";" ";" ";" ";" ";" ";" "
10;"Ab min 7  ";"Ab";"Lab";"min 7";" ";"Si Solb";"Solb Si";" ";" ";" ";" ";" ";" ";" ";" ";" ";" ";" ";" ";"Lab Si Solb";"Lab Solb Si";" ";" ";" ";" ";" ";" ";" ";" ";" ";" ";" ";" ";" ";" ";" ";" ";" ";" ";" ";" ";" ";" ";" ";" ";" ";" "
10;"B min 7  ";"B";"Si";"min 7";" ";"Re La";"La Re";" ";" ";" ";" ";" ";" ";" ";" ";" ";" ";" ";" ";"Si Re La";"Si La Re";" ";" ";" ";" ";" ";" ";" ";" ";" ";" ";" ";" ";" ";" ";" ";" ";" ";" ";" ";" ";" ";" ";" ";" ";" ";" "
10;"Bb min 7  ";"Bb";"Sib";"min 7";" ";"Reb Lab";"Lab Reb";" ";" ";" ";" ";" ";" ";" ";" ";" ";" ";" ";" ";"Sib Reb Lab";"Sib Lab Reb";" ";" ";" ";" ";" ";" ";" ";" ";" ";" ";" ";" ";" ";" ";" ";" ";" ";" ";" ";" ";" ";" ";" ";" ";" ";" "
10;"C min 7  ";"C";"Do";"min 7";" ";"Mib Sib";"Sib Mib";" ";" ";" ";" ";" ";" ";" ";" ";" ";" ";" ";" ";"Do Mib Sib";"Do Sib Mib";" ";" ";" ";" ";" ";" ";" ";" ";" ";" ";" ";" ";" ";" ";" ";" ";" ";" ";" ";" ";" ";" ";" ";" ";" ";" "
10;"D min 7  ";"D";"Re";"min 7";" ";"Fa Do";"Do Fa";" ";" ";" ";" ";" ";" ";" ";" ";" ";" ";" ";" ";"Re Fa Do";"Re Do Fa";" ";" ";" ";" ";" ";" ";" ";" ";" ";" ";" ";" ";" ";" ";" ";" ";" ";" ";" ";" ";" ";" ";" ";" ";" ";" "
10;"Db min 7  ";"Db";"Reb";"min 7";" ";"Mi Si";"Si Mi";" ";" ";" ";" ";" ";" ";" ";" ";" ";" ";" ";" ";"Reb Mi Si";"Reb Si Mi";" ";" ";" ";" ";" ";" ";" ";" ";" ";" ";" ";" ";" ";" ";" ";" ";" ";" ";" ";" ";" ";" ";" ";" ";" ";" "
10;"E min 7  ";"E";"Mi";"min 7";" ";"Sol Re";"Re Sol";" ";" ";" ";" ";" ";" ";" ";" ";" ";" ";" ";" ";"Mi Sol Re";"Mi Re Sol";" ";" ";" ";" ";" ";" ";" ";" ";" ";" ";" ";" ";" ";" ";" ";" ";" ";" ";" ";" ";" ";" ";" ";" ";" ";" "
10;"Eb min 7  ";"Eb";"Mib";"min 7";" ";"Solb Reb";"Reb Solb";" ";" ";" ";" ";" ";" ";" ";" ";" ";" ";" ";" ";"Mib Solb Reb";"Mib Reb Solb";" ";" ";" ";" ";" ";" ";" ";" ";" ";" ";" ";" ";" ";" ";" ";" ";" ";" ";" ";" ";" ";" ";" ";" ";" ";" "
10;"F min 7  ";"F";"Fa";"min 7";" ";"Lab Mib";"Mib Lab";" ";" ";" ";" ";" ";" ";" ";" ";" ";" ";" ";" ";"Fa Lab Mib";"Fa Mib Lab";" ";" ";" ";" ";" ";" ";" ";" ";" ";" ";" ";" ";" ";" ";" ";" ";" ";" ";" ";" ";" ";" ";" ";" ";" ";" "
10;"F # min 7  ";"F #";"Fa";"min 7";" ";"Lab Mib";"Mib Lab";" ";" ";" ";" ";" ";" ";" ";" ";" ";" ";" ";" ";"Fa Lab Mib";"Fa Mib Lab";" ";" ";" ";" ";" ";" ";" ";" ";" ";" ";" ";" ";" ";" ";" ";" ";" ";" ";" ";" ";" ";" ";" ";" ";" ";" "
10;"G min 7  ";"G";"Sol";"min 7";" ";"Sib Fa";"Fa Sib";" ";" ";" ";" ";" ";" ";" ";" ";" ";" ";" ";" ";"Sol Sib Fa";"Sol Fa Sib";" ";" ";" ";" ";" ";" ";" ";" ";" ";" ";" ";" ";" ";" ";" ";" ";" ";" ";" ";" ";" ";" ";" ";" ";" ";" "
12;"A min 7 6";"A";"La";"min 7";"6";" ";" ";" ";" ";" ";" ";" ";" ";" ";" ";" ";" ";" ";" ";" ";" ";" ";" ";" ";" ";" ";" ";" ";" ";" ";" ";" ";" ";" ";" ";" ";" ";" ";" ";" ";" ";" ";" ";" ";" ";" ";" "
12;"Ab min 7 6";"Ab";"Lab";"min 7";"6";" ";" ";" ";" ";" ";" ";" ";" ";" ";" ";" ";" ";" ";" ";" ";" ";" ";" ";" ";" ";" ";" ";" ";" ";" ";" ";" ";" ";" ";" ";" ";" ";" ";" ";" ";" ";" ";" ";" ";" ";" ";" "
12;"B min 7 6";"B";"Si";"min 7";"6";" ";" ";" ";" ";" ";" ";" ";" ";" ";" ";" ";" ";" ";" ";" ";" ";" ";" ";" ";" ";" ";" ";" ";" ";" ";" ";" ";" ";" ";" ";" ";" ";" ";" ";" ";" ";" ";" ";" ";" ";" ";" "
12;"Bb min 7 6";"Bb";"Sib";"min 7";"6";" ";" ";" ";" ";" ";" ";" ";" ";" ";" ";" ";" ";" ";" ";" ";" ";" ";" ";" ";" ";" ";" ";" ";" ";" ";" ";" ";" ";" ";" ";" ";" ";" ";" ";" ";" ";" ";" ";" ";" ";" ";" "
12;"C min 7 6";"C";"Do";"min 7";"6";" ";" ";" ";" ";" ";" ";" ";" ";" ";" ";" ";" ";" ";" ";" ";" ";" ";" ";" ";" ";" ";" ";" ";" ";" ";" ";" ";" ";" ";" ";" ";" ";" ";" ";" ";" ";" ";" ";" ";" ";" ";" "
12;"D min 7 6";"D";"Re";"min 7";"6";" ";" ";" ";" ";" ";" ";" ";" ";" ";" ";" ";" ";" ";" ";" ";" ";" ";" ";" ";" ";" ";" ";" ";" ";" ";" ";" ";" ";" ";" ";" ";" ";" ";" ";" ";" ";" ";" ";" ";" ";" ";" "
12;"Db min 7 6";"Db";"Reb";"min 7";"6";" ";" ";" ";" ";" ";" ";" ";" ";" ";" ";" ";" ";" ";" ";" ";" ";" ";" ";" ";" ";" ";" ";" ";" ";" ";" ";" ";" ";" ";" ";" ";" ";" ";" ";" ";" ";" ";" ";" ";" ";" ";" "
12;"E min 7 6";"E";"Mi";"min 7";"6";" ";" ";" ";" ";" ";" ";" ";" ";" ";" ";" ";" ";" ";" ";" ";" ";" ";" ";" ";" ";" ";" ";" ";" ";" ";" ";" ";" ";" ";" ";" ";" ";" ";" ";" ";" ";" ";" ";" ";" ";" ";" "
12;"Eb min 7 6";"Eb";"Mib";"min 7";"6";" ";" ";" ";" ";" ";" ";" ";" ";" ";" ";" ";" ";" ";" ";" ";" ";" ";" ";" ";" ";" ";" ";" ";" ";" ";" ";" ";" ";" ";" ";" ";" ";" ";" ";" ";" ";" ";" ";" ";" ";" ";" "
12;"F min 7 6";"F";"Fa";"min 7";"6";" ";" ";" ";" ";" ";" ";" ";" ";" ";" ";" ";" ";" ";" ";" ";" ";" ";" ";" ";" ";" ";" ";" ";" ";" ";" ";" ";" ";" ";" ";" ";" ";" ";" ";" ";" ";" ";" ";" ";" ";" ";" "
12;"F # min 7 6";"F #";"Fa";"min 7";"6";" ";" ";" ";" ";" ";" ";" ";" ";" ";" ";" ";" ";" ";" ";" ";" ";" ";" ";" ";" ";" ";" ";" ";" ";" ";" ";" ";" ";" ";" ";" ";" ";" ";" ";" ";" ";" ";" ";" ";" ";" ";" "
12;"G min 7 6";"G";"Sol";"min 7";"6";" ";" ";" ";" ";" ";" ";" ";" ";" ";" ";" ";" ";" ";" ";" ";" ";" ";" ";" ";" ";" ";" ";" ";" ";" ";" ";" ";" ";" ";" ";" ";" ";" ";" ";" ";" ";" ";" ";" ";" ";" ";" "
14;"A min 7 6 /4";"A";"La";"min 7";"6 /4";" ";" ";" ";" ";" ";" ";" ";" ";" ";" ";" ";" ";" ";" ";" ";" ";" ";" ";" ";" ";" ";" ";" ";" ";" ";" ";" ";" ";" ";" ";" ";" ";" ";" ";" ";" ";" ";" ";" ";" ";" ";" "
14;"Ab min 7 6 /4";"Ab";"Lab";"min 7";"6 /4";" ";" ";" ";" ";" ";" ";" ";" ";" ";" ";" ";" ";" ";" ";" ";" ";" ";" ";" ";" ";" ";" ";" ";" ";" ";" ";" ";" ";" ";" ";" ";" ";" ";" ";" ";" ";" ";" ";" ";" ";" ";" "
14;"B min 7 6 /4";"B";"Si";"min 7";"6 /4";" ";" ";" ";" ";" ";" ";" ";" ";" ";" ";" ";" ";" ";" ";" ";" ";" ";" ";" ";" ";" ";" ";" ";" ";" ";" ";" ";" ";" ";" ";" ";" ";" ";" ";" ";" ";" ";" ";" ";" ";" ";" "
14;"Bb min 7 6 /4";"Bb";"Sib";"min 7";"6 /4";" ";" ";" ";" ";" ";" ";" ";" ";" ";" ";" ";" ";" ";" ";" ";" ";" ";" ";" ";" ";" ";" ";" ";" ";" ";" ";" ";" ";" ";" ";" ";" ";" ";" ";" ";" ";" ";" ";" ";" ";" ";" "
14;"C min 7 6 /4";"C";"Do";"min 7";"6 /4";" ";" ";" ";" ";" ";" ";" ";" ";" ";" ";" ";" ";" ";" ";" ";" ";" ";" ";" ";" ";" ";" ";" ";" ";" ";" ";" ";" ";" ";" ";" ";" ";" ";" ";" ";" ";" ";" ";" ";" ";" ";" "
14;"D min 7 6 /4";"D";"Re";"min 7";"6 /4";" ";" ";" ";" ";" ";" ";" ";" ";" ";" ";" ";" ";" ";" ";" ";" ";" ";" ";" ";" ";" ";" ";" ";" ";" ";" ";" ";" ";" ";" ";" ";" ";" ";" ";" ";" ";" ";" ";" ";" ";" ";" "
14;"Db min 7 6 /4";"Db";"Reb";"min 7";"6 /4";" ";" ";" ";" ";" ";" ";" ";" ";" ";" ";" ";" ";" ";" ";" ";" ";" ";" ";" ";" ";" ";" ";" ";" ";" ";" ";" ";" ";" ";" ";" ";" ";" ";" ";" ";" ";" ";" ";" ";" ";" ";" "
14;"E min 7 6 /4";"E";"Mi";"min 7";"6 /4";" ";" ";" ";" ";" ";" ";" ";" ";" ";" ";" ";" ";" ";" ";" ";" ";" ";" ";" ";" ";" ";" ";" ";" ";" ";" ";" ";" ";" ";" ";" ";" ";" ";" ";" ";" ";" ";" ";" ";" ";" ";" "
14;"Eb min 7 6 /4";"Eb";"Mib";"min 7";"6 /4";" ";" ";" ";" ";" ";" ";" ";" ";" ";" ";" ";" ";" ";" ";" ";" ";" ";" ";" ";" ";" ";" ";" ";" ";" ";" ";" ";" ";" ";" ";" ";" ";" ";" ";" ";" ";" ";" ";" ";" ";" ";" "
14;"F min 7 6 /4";"F";"Fa";"min 7";"6 /4";" ";" ";" ";" ";" ";" ";" ";" ";" ";" ";" ";" ";" ";" ";" ";" ";" ";" ";" ";" ";" ";" ";" ";" ";" ";" ";" ";" ";" ";" ";" ";" ";" ";" ";" ";" ";" ";" ";" ";" ";" ";" "
14;"F # min 7 6 /4";"F #";"Fa";"min 7";"6 /4";" ";" ";" ";" ";" ";" ";" ";" ";" ";" ";" ";" ";" ";" ";" ";" ";" ";" ";" ";" ";" ";" ";" ";" ";" ";" ";" ";" ";" ";" ";" ";" ";" ";" ";" ";" ";" ";" ";" ";" ";" ";" "
14;"G min 7 6 /4";"G";"Sol";"min 7";"6 /4";" ";" ";" ";" ";" ";" ";" ";" ";" ";" ";" ";" ";" ";" ";" ";" ";" ";" ";" ";" ";" ";" ";" ";" ";" ";" ";" ";" ";" ";" ";" ";" ";" ";" ";" ";" ";" ";" ";" ";" ";" ";" "
16;"A min 7 4 / 2";"A";"La";"min 7";"4 / 2";" ";" ";" ";" ";" ";" ";" ";" ";" ";" ";" ";" ";" ";" ";" ";" ";" ";" ";" ";" ";" ";" ";" ";" ";" ";" ";" ";" ";" ";" ";" ";" ";" ";" ";" ";" ";" ";" ";" ";" ";" ";" "
16;"Ab min 7 4 / 2";"Ab";"Lab";"min 7";"4 / 2";" ";" ";" ";" ";" ";" ";" ";" ";" ";" ";" ";" ";" ";" ";" ";" ";" ";" ";" ";" ";" ";" ";" ";" ";" ";" ";" ";" ";" ";" ";" ";" ";" ";" ";" ";" ";" ";" ";" ";" ";" ";" "
16;"B min 7 4 / 2";"B";"Si";"min 7";"4 / 2";" ";" ";" ";" ";" ";" ";" ";" ";" ";" ";" ";" ";" ";" ";" ";" ";" ";" ";" ";" ";" ";" ";" ";" ";" ";" ";" ";" ";" ";" ";" ";" ";" ";" ";" ";" ";" ";" ";" ";" ";" ";" "
16;"Bb min 7 4 / 2";"Bb";"Sib";"min 7";"4 / 2";" ";" ";" ";" ";" ";" ";" ";" ";" ";" ";" ";" ";" ";" ";" ";" ";" ";" ";" ";" ";" ";" ";" ";" ";" ";" ";" ";" ";" ";" ";" ";" ";" ";" ";" ";" ";" ";" ";" ";" ";" ";" "
16;"C min 7 4 / 2";"C";"Do";"min 7";"4 / 2";" ";" ";" ";" ";" ";" ";" ";" ";" ";" ";" ";" ";" ";" ";" ";" ";" ";" ";" ";" ";" ";" ";" ";" ";" ";" ";" ";" ";" ";" ";" ";" ";" ";" ";" ";" ";" ";" ";" ";" ";" ";" "
16;"D min 7 4 / 2";"D";"Re";"min 7";"4 / 2";" ";" ";" ";" ";" ";" ";" ";" ";" ";" ";" ";" ";" ";" ";" ";" ";" ";" ";" ";" ";" ";" ";" ";" ";" ";" ";" ";" ";" ";" ";" ";" ";" ";" ";" ";" ";" ";" ";" ";" ";" ";" "
16;"Db min 7 4 / 2";"Db";"Reb";"min 7";"4 / 2";" ";" ";" ";" ";" ";" ";" ";" ";" ";" ";" ";" ";" ";" ";" ";" ";" ";" ";" ";" ";" ";" ";" ";" ";" ";" ";" ";" ";" ";" ";" ";" ";" ";" ";" ";" ";" ";" ";" ";" ";" ";" "
16;"E min 7 4 / 2";"E";"Mi";"min 7";"4 / 2";" ";" ";" ";" ";" ";" ";" ";" ";" ";" ";" ";" ";" ";" ";" ";" ";" ";" ";" ";" ";" ";" ";" ";" ";" ";" ";" ";" ";" ";" ";" ";" ";" ";" ";" ";" ";" ";" ";" ";" ";" ";" "
16;"Eb min 7 4 / 2";"Eb";"Mib";"min 7";"4 / 2";" ";" ";" ";" ";" ";" ";" ";" ";" ";" ";" ";" ";" ";" ";" ";" ";" ";" ";" ";" ";" ";" ";" ";" ";" ";" ";" ";" ";" ";" ";" ";" ";" ";" ";" ";" ";" ";" ";" ";" ";" ";" "
16;"F min 7 4 / 2";"F";"Fa";"min 7";"4 / 2";" ";" ";" ";" ";" ";" ";" ";" ";" ";" ";" ";" ";" ";" ";" ";" ";" ";" ";" ";" ";" ";" ";" ";" ";" ";" ";" ";" ";" ";" ";" ";" ";" ";" ";" ";" ";" ";" ";" ";" ";" ";" "
16;"F # min 7 4 / 2";"F #";"Fa";"min 7";"4 / 2";" ";" ";" ";" ";" ";" ";" ";" ";" ";" ";" ";" ";" ";" ";" ";" ";" ";" ";" ";" ";" ";" ";" ";" ";" ";" ";" ";" ";" ";" ";" ";" ";" ";" ";" ";" ";" ";" ";" ";" ";" ";" "
16;"G min 7 4 / 2";"G";"Sol";"min 7";"4 / 2";" ";" ";" ";" ";" ";" ";" ";" ";" ";" ";" ";" ";" ";" ";" ";" ";" ";" ";" ";" ";" ";" ";" ";" ";" ";" ";" ";" ";" ";" ";" ";" ";" ";" ";" ";" ";" ";" ";" ";" ";" ";" "
12;"A dim  ";"A";"La";"dim";" ";"Do Fad";"Fad Do";" ";" ";" ";" ";" ";" ";" ";" ";" ";" ";" ";" ";"La Do Fad";"La Fad Do";" ";" ";" ";" ";" ";" ";" ";" ";" ";" ";" ";" ";" ";" ";" ";" ";" ";" ";" ";" ";" ";" ";" ";" ";" ";" "
12;"Ab dim  ";"Ab";"Lab";"dim";" ";"Si Fa";"Fa Si";" ";" ";" ";" ";" ";" ";" ";" ";" ";" ";" ";" ";"Lab Si Fa";"Lab Fa Si";" ";" ";" ";" ";" ";" ";" ";" ";" ";" ";" ";" ";" ";" ";" ";" ";" ";" ";" ";" ";" ";" ";" ";" ";" ";" "
12;"B dim  ";"B";"Si";"dim";" ";"Re Sold";"Sold Re";" ";" ";" ";" ";" ";" ";" ";" ";" ";" ";" ";" ";"Si Re Sold";"Si Sold Re";" ";" ";" ";" ";" ";" ";" ";" ";" ";" ";" ";" ";" ";" ";" ";" ";" ";" ";" ";" ";" ";" ";" ";" ";" ";" "
12;"Bb dim  ";"Bb";"Sib";"dim";" ";"Reb Sol";"Sol Reb";" ";" ";" ";" ";" ";" ";" ";" ";" ";" ";" ";" ";"Sib Reb Sol";"Sib Sol Reb";" ";" ";" ";" ";" ";" ";" ";" ";" ";" ";" ";" ";" ";" ";" ";" ";" ";" ";" ";" ";" ";" ";" ";" ";" ";" "
12;"C dim  ";"C";"Do";"dim";" ";"Mib La";"La Mib";" ";" ";" ";" ";" ";" ";" ";" ";" ";" ";" ";" ";"Do Mib La";"Do La Mib";" ";" ";" ";" ";" ";" ";" ";" ";" ";" ";" ";" ";" ";" ";" ";" ";" ";" ";" ";" ";" ";" ";" ";" ";" ";" "
12;"D dim  ";"D";"Re";"dim";" ";"Fa Si";"Si Fa";" ";" ";" ";" ";" ";" ";" ";" ";" ";" ";" ";" ";"Re Fa Si";"Re Si Fa";" ";" ";" ";" ";" ";" ";" ";" ";" ";" ";" ";" ";" ";" ";" ";" ";" ";" ";" ";" ";" ";" ";" ";" ";" ";" "
12;"Db dim  ";"Db";"Reb";"dim";" ";"Mi Sib";"Sib Mi";" ";" ";" ";" ";" ";" ";" ";" ";" ";" ";" ";" ";"Reb Mi Sib";"Reb Sib Mi";" ";" ";" ";" ";" ";" ";" ";" ";" ";" ";" ";" ";" ";" ";" ";" ";" ";" ";" ";" ";" ";" ";" ";" ";" ";" "
12;"E dim  ";"E";"Mi";"dim";" ";"Sol Dod";"Dod Sol";" ";" ";" ";" ";" ";" ";" ";" ";" ";" ";" ";" ";"Mi Sol Dod";"Mi Dod Sol";" ";" ";" ";" ";" ";" ";" ";" ";" ";" ";" ";" ";" ";" ";" ";" ";" ";" ";" ";" ";" ";" ";" ";" ";" ";" "
12;"Eb dim  ";"Eb";"Mib";"dim";" ";"Solb Do";"Do Solb";" ";" ";" ";" ";" ";" ";" ";" ";" ";" ";" ";" ";"Mib Solb Do";"Mib Do Solb";" ";" ";" ";" ";" ";" ";" ";" ";" ";" ";" ";" ";" ";" ";" ";" ";" ";" ";" ";" ";" ";" ";" ";" ";" ";" "
12;"F dim  ";"F";"Fa";"dim";" ";"Lab Re";"Re Lab";" ";" ";" ";" ";" ";" ";" ";" ";" ";" ";" ";" ";"Fa Lab Re";"Fa Re Lab";" ";" ";" ";" ";" ";" ";" ";" ";" ";" ";" ";" ";" ";" ";" ";" ";" ";" ";" ";" ";" ";" ";" ";" ";" ";" "
12;"F # dim  ";"F #";"Fa";"dim";" ";"Lab Re";"Re Lab";" ";" ";" ";" ";" ";" ";" ";" ";" ";" ";" ";" ";"Fa Lab Re";"Fa Re Lab";" ";" ";" ";" ";" ";" ";" ";" ";" ";" ";" ";" ";" ";" ";" ";" ";" ";" ";" ";" ";" ";" ";" ";" ";" ";" "
12;"G dim  ";"G";"Sol";"dim";" ";"Sib Mi";"Mi Sib";" ";" ";" ";" ";" ";" ";" ";" ";" ";" ";" ";" ";"Sol Sib Mi";"Sol Mi Sib";" ";" ";" ";" ";" ";" ";" ";" ";" ";" ";" ";" ";" ";" ";" ";" ";" ";" ";" ";" ";" ";" ";" ";" ";" ";" "
12;"A dim 6";"A";"La";"dim";"6";" ";" ";" ";" ";" ";" ";" ";" ";" ";" ";" ";" ";" ";" ";" ";" ";" ";" ";" ";" ";" ";" ";" ";" ";" ";" ";" ";" ";" ";" ";" ";" ";" ";" ";" ";" ";" ";" ";" ";" ";" ";" "
12;"Ab dim 6";"Ab";"Lab";"dim";"6";" ";" ";" ";" ";" ";" ";" ";" ";" ";" ";" ";" ";" ";" ";" ";" ";" ";" ";" ";" ";" ";" ";" ";" ";" ";" ";" ";" ";" ";" ";" ";" ";" ";" ";" ";" ";" ";" ";" ";" ";" ";" "
12;"B dim 6";"B";"Si";"dim";"6";" ";" ";" ";" ";" ";" ";" ";" ";" ";" ";" ";" ";" ";" ";" ";" ";" ";" ";" ";" ";" ";" ";" ";" ";" ";" ";" ";" ";" ";" ";" ";" ";" ";" ";" ";" ";" ";" ";" ";" ";" ";" "
12;"Bb dim 6";"Bb";"Sib";"dim";"6";" ";" ";" ";" ";" ";" ";" ";" ";" ";" ";" ";" ";" ";" ";" ";" ";" ";" ";" ";" ";" ";" ";" ";" ";" ";" ";" ";" ";" ";" ";" ";" ";" ";" ";" ";" ";" ";" ";" ";" ";" ";" "
12;"C dim 6";"C";"Do";"dim";"6";" ";" ";" ";" ";" ";" ";" ";" ";" ";" ";" ";" ";" ";" ";" ";" ";" ";" ";" ";" ";" ";" ";" ";" ";" ";" ";" ";" ";" ";" ";" ";" ";" ";" ";" ";" ";" ";" ";" ";" ";" ";" "
12;"D dim 6";"D";"Re";"dim";"6";" ";" ";" ";" ";" ";" ";" ";" ";" ";" ";" ";" ";" ";" ";" ";" ";" ";" ";" ";" ";" ";" ";" ";" ";" ";" ";" ";" ";" ";" ";" ";" ";" ";" ";" ";" ";" ";" ";" ";" ";" ";" "
12;"Db dim 6";"Db";"Reb";"dim";"6";" ";" ";" ";" ";" ";" ";" ";" ";" ";" ";" ";" ";" ";" ";" ";" ";" ";" ";" ";" ";" ";" ";" ";" ";" ";" ";" ";" ";" ";" ";" ";" ";" ";" ";" ";" ";" ";" ";" ";" ";" ";" "
12;"E dim 6";"E";"Mi";"dim";"6";" ";" ";" ";" ";" ";" ";" ";" ";" ";" ";" ";" ";" ";" ";" ";" ";" ";" ";" ";" ";" ";" ";" ";" ";" ";" ";" ";" ";" ";" ";" ";" ";" ";" ";" ";" ";" ";" ";" ";" ";" ";" "
12;"Eb dim 6";"Eb";"Mib";"dim";"6";" ";" ";" ";" ";" ";" ";" ";" ";" ";" ";" ";" ";" ";" ";" ";" ";" ";" ";" ";" ";" ";" ";" ";" ";" ";" ";" ";" ";" ";" ";" ";" ";" ";" ";" ";" ";" ";" ";" ";" ";" ";" "
12;"F dim 6";"F";"Fa";"dim";"6";" ";" ";" ";" ";" ";" ";" ";" ";" ";" ";" ";" ";" ";" ";" ";" ";" ";" ";" ";" ";" ";" ";" ";" ";" ";" ";" ";" ";" ";" ";" ";" ";" ";" ";" ";" ";" ";" ";" ";" ";" ";" "
12;"F # dim 6";"F #";"Fa";"dim";"6";" ";" ";" ";" ";" ";" ";" ";" ";" ";" ";" ";" ";" ";" ";" ";" ";" ";" ";" ";" ";" ";" ";" ";" ";" ";" ";" ";" ";" ";" ";" ";" ";" ";" ";" ";" ";" ";" ";" ";" ";" ";" "
12;"G dim 6";"G";"Sol";"dim";"6";" ";" ";" ";" ";" ";" ";" ";" ";" ";" ";" ";" ";" ";" ";" ";" ";" ";" ";" ";" ";" ";" ";" ";" ";" ";" ";" ";" ";" ";" ";" ";" ";" ";" ";" ";" ";" ";" ";" ";" ";" ";" "
14;"A dim 6 /4";"A";"La";"dim";"6 /4";" ";" ";" ";" ";" ";" ";" ";" ";" ";" ";" ";" ";" ";" ";" ";" ";" ";" ";" ";" ";" ";" ";" ";" ";" ";" ";" ";" ";" ";" ";" ";" ";" ";" ";" ";" ";" ";" ";" ";" ";" ";" "
14;"Ab dim 6 /4";"Ab";"Lab";"dim";"6 /4";" ";" ";" ";" ";" ";" ";" ";" ";" ";" ";" ";" ";" ";" ";" ";" ";" ";" ";" ";" ";" ";" ";" ";" ";" ";" ";" ";" ";" ";" ";" ";" ";" ";" ";" ";" ";" ";" ";" ";" ";" ";" "
14;"B dim 6 /4";"B";"Si";"dim";"6 /4";" ";" ";" ";" ";" ";" ";" ";" ";" ";" ";" ";" ";" ";" ";" ";" ";" ";" ";" ";" ";" ";" ";" ";" ";" ";" ";" ";" ";" ";" ";" ";" ";" ";" ";" ";" ";" ";" ";" ";" ";" ";" "
14;"Bb dim 6 /4";"Bb";"Sib";"dim";"6 /4";" ";" ";" ";" ";" ";" ";" ";" ";" ";" ";" ";" ";" ";" ";" ";" ";" ";" ";" ";" ";" ";" ";" ";" ";" ";" ";" ";" ";" ";" ";" ";" ";" ";" ";" ";" ";" ";" ";" ";" ";" ";" "
14;"C dim 6 /4";"C";"Do";"dim";"6 /4";" ";" ";" ";" ";" ";" ";" ";" ";" ";" ";" ";" ";" ";" ";" ";" ";" ";" ";" ";" ";" ";" ";" ";" ";" ";" ";" ";" ";" ";" ";" ";" ";" ";" ";" ";" ";" ";" ";" ";" ";" ";" "
14;"D dim 6 /4";"D";"Re";"dim";"6 /4";" ";" ";" ";" ";" ";" ";" ";" ";" ";" ";" ";" ";" ";" ";" ";" ";" ";" ";" ";" ";" ";" ";" ";" ";" ";" ";" ";" ";" ";" ";" ";" ";" ";" ";" ";" ";" ";" ";" ";" ";" ";" "
14;"Db dim 6 /4";"Db";"Reb";"dim";"6 /4";" ";" ";" ";" ";" ";" ";" ";" ";" ";" ";" ";" ";" ";" ";" ";" ";" ";" ";" ";" ";" ";" ";" ";" ";" ";" ";" ";" ";" ";" ";" ";" ";" ";" ";" ";" ";" ";" ";" ";" ";" ";" "
14;"E dim 6 /4";"E";"Mi";"dim";"6 /4";" ";" ";" ";" ";" ";" ";" ";" ";" ";" ";" ";" ";" ";" ";" ";" ";" ";" ";" ";" ";" ";" ";" ";" ";" ";" ";" ";" ";" ";" ";" ";" ";" ";" ";" ";" ";" ";" ";" ";" ";" ";" "
14;"Eb dim 6 /4";"Eb";"Mib";"dim";"6 /4";" ";" ";" ";" ";" ";" ";" ";" ";" ";" ";" ";" ";" ";" ";" ";" ";" ";" ";" ";" ";" ";" ";" ";" ";" ";" ";" ";" ";" ";" ";" ";" ";" ";" ";" ";" ";" ";" ";" ";" ";" ";" "
14;"F dim 6 /4";"F";"Fa";"dim";"6 /4";" ";" ";" ";" ";" ";" ";" ";" ";" ";" ";" ";" ";" ";" ";" ";" ";" ";" ";" ";" ";" ";" ";" ";" ";" ";" ";" ";" ";" ";" ";" ";" ";" ";" ";" ";" ";" ";" ";" ";" ";" ";" "
14;"F # dim 6 /4";"F #";"Fa";"dim";"6 /4";" ";" ";" ";" ";" ";" ";" ";" ";" ";" ";" ";" ";" ";" ";" ";" ";" ";" ";" ";" ";" ";" ";" ";" ";" ";" ";" ";" ";" ";" ";" ";" ";" ";" ";" ";" ";" ";" ";" ";" ";" ";" "
14;"G dim 6 /4";"G";"Sol";"dim";"6 /4";" ";" ";" ";" ";" ";" ";" ";" ";" ";" ";" ";" ";" ";" ";" ";" ";" ";" ";" ";" ";" ";" ";" ";" ";" ";" ";" ";" ";" ";" ";" ";" ";" ";" ";" ";" ";" ";" ";" ";" ";" ";" "
16;"A dim 4 / 2";"A";"La";"dim";"4 / 2";" ";" ";" ";" ";" ";" ";" ";" ";" ";" ";" ";" ";" ";" ";" ";" ";" ";" ";" ";" ";" ";" ";" ";" ";" ";" ";" ";" ";" ";" ";" ";" ";" ";" ";" ";" ";" ";" ";" ";" ";" ";" "
16;"Ab dim 4 / 2";"Ab";"Lab";"dim";"4 / 2";" ";" ";" ";" ";" ";" ";" ";" ";" ";" ";" ";" ";" ";" ";" ";" ";" ";" ";" ";" ";" ";" ";" ";" ";" ";" ";" ";" ";" ";" ";" ";" ";" ";" ";" ";" ";" ";" ";" ";" ";" ";" "
16;"B dim 4 / 2";"B";"Si";"dim";"4 / 2";" ";" ";" ";" ";" ";" ";" ";" ";" ";" ";" ";" ";" ";" ";" ";" ";" ";" ";" ";" ";" ";" ";" ";" ";" ";" ";" ";" ";" ";" ";" ";" ";" ";" ";" ";" ";" ";" ";" ";" ";" ";" "
16;"Bb dim 4 / 2";"Bb";"Sib";"dim";"4 / 2";" ";" ";" ";" ";" ";" ";" ";" ";" ";" ";" ";" ";" ";" ";" ";" ";" ";" ";" ";" ";" ";" ";" ";" ";" ";" ";" ";" ";" ";" ";" ";" ";" ";" ";" ";" ";" ";" ";" ";" ";" ";" "
16;"C dim 4 / 2";"C";"Do";"dim";"4 / 2";" ";" ";" ";" ";" ";" ";" ";" ";" ";" ";" ";" ";" ";" ";" ";" ";" ";" ";" ";" ";" ";" ";" ";" ";" ";" ";" ";" ";" ";" ";" ";" ";" ";" ";" ";" ";" ";" ";" ";" ";" ";" "
16;"D dim 4 / 2";"D";"Re";"dim";"4 / 2";" ";" ";" ";" ";" ";" ";" ";" ";" ";" ";" ";" ";" ";" ";" ";" ";" ";" ";" ";" ";" ";" ";" ";" ";" ";" ";" ";" ";" ";" ";" ";" ";" ";" ";" ";" ";" ";" ";" ";" ";" ";" "
16;"Db dim 4 / 2";"Db";"Reb";"dim";"4 / 2";" ";" ";" ";" ";" ";" ";" ";" ";" ";" ";" ";" ";" ";" ";" ";" ";" ";" ";" ";" ";" ";" ";" ";" ";" ";" ";" ";" ";" ";" ";" ";" ";" ";" ";" ";" ";" ";" ";" ";" ";" ";" "
16;"E dim 4 / 2";"E";"Mi";"dim";"4 / 2";" ";" ";" ";" ";" ";" ";" ";" ";" ";" ";" ";" ";" ";" ";" ";" ";" ";" ";" ";" ";" ";" ";" ";" ";" ";" ";" ";" ";" ";" ";" ";" ";" ";" ";" ";" ";" ";" ";" ";" ";" ";" "
16;"Eb dim 4 / 2";"Eb";"Mib";"dim";"4 / 2";" ";" ";" ";" ";" ";" ";" ";" ";" ";" ";" ";" ";" ";" ";" ";" ";" ";" ";" ";" ";" ";" ";" ";" ";" ";" ";" ";" ";" ";" ";" ";" ";" ";" ";" ";" ";" ";" ";" ";" ";" ";" "
16;"F dim 4 / 2";"F";"Fa";"dim";"4 / 2";" ";" ";" ";" ";" ";" ";" ";" ";" ";" ";" ";" ";" ";" ";" ";" ";" ";" ";" ";" ";" ";" ";" ";" ";" ";" ";" ";" ";" ";" ";" ";" ";" ";" ";" ";" ";" ";" ";" ";" ";" ";" "
16;"F # dim 4 / 2";"F #";"Fa";"dim";"4 / 2";" ";" ";" ";" ";" ";" ";" ";" ";" ";" ";" ";" ";" ";" ";" ";" ";" ";" ";" ";" ";" ";" ";" ";" ";" ";" ";" ";" ";" ";" ";" ";" ";" ";" ";" ";" ";" ";" ";" ";" ";" ";" "
16;"G dim 4 / 2";"G";"Sol";"dim";"4 / 2";" ";" ";" ";" ";" ";" ";" ";" ";" ";" ";" ";" ";" ";" ";" ";" ";" ";" ";" ";" ";" ";" ";" ";" ";" ";" ";" ";" ";" ";" ";" ";" ";" ";" ";" ";" ";" ";" ";" ";" ";" ";" "
